0100,Thành phố Hà Nội,1,0
0101,Quận Ba Đình,1,1
0102,Quận Hoàn Kiếm,1,2
0103,Quận Hai Bà Trưng,1,3
0104,Quận Đống Đa,1,4
0105,Quận Tây Hồ,1,5
0106,Quận Cầu Giấy,1,6
0107,Quận Thanh Xuân,1,7
0108,Quận Hoàng Mai,1,8
0109,Quận Long Biên,1,9
0110,Huyện Từ Liêm,1,10
0111,Huyện Thanh Trì,1,11
0112,Huyện Gia Lâm,1,12
0113,Huyện Đông Anh,1,13
0114,Huyện Sóc Sơn,1,14
0115,Quận Hà Đông,1,15
0116,Thị xã Sơn Tây,1,16
0117,Huyện Ba Vì,1,17
0118,Huyện Phúc Thọ,1,18
0119,Huyện Thạch Thất,1,19
0120,Huyện Quốc Oai,1,20
0121,Huyện Chương Mỹ,1,21
0122,Huyện Đan Phượng,1,22
0123,Huyện Hoài Đức,1,23
0124,Huyện Thanh Oai,1,24
0125,Huyện Mỹ Đức,1,25
0126,Huyện Ứng Hoà,1,26
0127,Huyện Thường Tín,1,27
0128,Huyện Phú Xuyên,1,28
0129,Huyện Mê Linh,1,29
0200,Thành phố Hồ Chí Minh,2,0
0201,Quận 1,2,1
0202,Quận 2,2,2
0203,Quận 3,2,3
0204,Quận 4,2,4
0205,Quận 5,2,5
0206,Quận 6,2,6
0207,Quận 7,2,7
0208,Quận 8,2,8
0209,Quận 9,2,9
0210,Quận 10,2,10
0211,Quận 11,2,11
0212,Quận 12,2,12
0213,Quận Gò Vấp,2,13
0214,Quận Tân Bình,2,14
0215,Quận Tân Phú,2,15
0216,Quận Bình Thạnh,2,16
0217,Quận Phú Nhuận,2,17
0218,Quận Thủ Đức,2,18
0219,Quận Bình Tân,2,19
0220,Huyện Bình Chánh,2,20
0221,Huyện Củ Chi,2,21
0222,Huyện Hóc Môn,2,22
0223,Huyện Nhà Bè,2,23
0224,Huyện Cần Giờ,2,24
0300,Thành phố Hải Phòng,3,0
0301,Quận Hồng Bàng,3,1
0302,Quận Lê Chân,3,2
0303,Quận Ngô Quyền,3,3
0304,Quận Kiến An,3,4
0305,Quận Hải An,3,5
0306,Quận Đồ Sơn,3,6
0307,Huyện An Lão,3,7
0308,Huyện Kiến Thụy,3,8
0309,Huyện Thủy Nguyên,3,9
0310,Huyện An Dương,3,10
0311,Huyện Tiên Lãng,3,11
0312,Huyện Vĩnh Bảo,3,12
0313,Huyện Cát Hải,3,13
0314,Huyện Bạch Long Vĩ,3,14
0315,Quận Dương Kinh,3,15
0400,Thành phố Đà Nẵng,4,0
0401,Quận Hải Châu,4,1
0402,Quận Thanh Khê,4,2
0403,Quận Sơn Trà,4,3
0404,Quận Ngũ Hành Sơn,4,4
0405,Quận Liên Chiểu,4,5
0406,Huyện Hoà Vang,4,6
0407,Quận Cẩm Lệ,4,7
0500,Tỉnh Hà Giang,5,0
0501,Thành phố Hà Giang,5,1
0502,Huyện Đồng Văn,5,2
0503,Huyện Mèo Vạc,5,3
0504,Huyện Yên Minh,5,4
0505,Huyện Quản Bạ,5,5
0506,Huyện Vị Xuyên,5,6
0507,Huyện Bắc Mê,5,7
0508,Huyện Hoàng Su Phì,5,8
0509,Huyện Xín Mần,5,9
0510,Huyện Bắc Quang,5,10
0511,Huyện Quang Bình,5,11
0600,Tỉnh Cao Bằng,6,0
0601,Thị xã Cao Bằng,6,1
0602,Huyện Bảo Lạc,6,2
0603,Huyện Thông Nông,6,3
0604,Huyện Hà Quảng,6,4
0605,Huyện Trà Lĩnh,6,5
0606,Huyện Trùng Khánh,6,6
0607,Huyện Nguyên Bình,6,7
0608,Huyện Hòa An,6,8
0609,Huyện Quảng Uyên,6,9
0610,Huyện Thạch An,6,10
0611,Huyện Hạ Lang,6,11
0612,Huyện Bảo Lâm,6,12
0613,Huyện Phục Hòa,6,13
0700,Tỉnh Lai Châu,7,0
0701,Thị xã Lai Châu,7,1
0702,Huyện Tam Đường,7,2
0703,Huyện Phong Thổ,7,3
0704,Huyện Sìn Hồ,7,4
0705,Huyện Mường Tè,7,5
0706,Huyện Than Uyên,7,6
0707,Huyện Tân Uyên,7,7
0800,Tỉnh Lào Cai,8,0
0801,Thành phố Lào Cai,8,1
0802,Huyện Xi Ma Cai,8,2
0803,Huyện Bát Xát,8,3
0804,Huyện Bảo Thắng,8,4
0805,Huyện Sa Pa,8,5
0806,Huyện Văn Bàn,8,6
0807,Huyện Bảo Yên,8,7
0808,Huyện Bắc Hà,8,8
0809,Huyện Mường Khương,8,9
0900,Tỉnh Tuyên Quang,9,0
0901,Thị xã Tuyên Quang,9,1
0902,Huyện Na Hang,9,2
0903,Huyện Chiêm Hóa,9,3
0904,Huyện  Hàm Yên,9,4
0905,Huyện Yên Sơn,9,5
0906,Huyện Sơn Dương,9,6
1000,Tỉnh Lạng Sơn,10,0
1001,Thành phố Lạng Sơn,10,1
1002,Huyện  Tràng Định,10,2
1003,Huyện Bình Gia,10,3
1004,Huyện  Văn Lãng,10,4
1005,Huyện Bắc Sơn,10,5
1006,Huyện Văn Quan,10,6
1007,Huyện Cao Lộc,10,7
1008,Huyện Lộc Bình,10,8
1009,Huyện Chi Lăng,10,9
1010,Huyện  Đình Lập,10,10
1011,Huyện Hữu Lũng,10,11
1100,Tỉnh Bắc Kạn,11,0
1101,Thị xã Bắc Kạn,11,1
1102,Huyện Chợ Đồn,11,2
1103,Huyện Bạch Thông,11,3
1104,Huyện Na Rì,11,4
1105,Huyện Ngân Sơn,11,5
1106,Huyện Ba Bể,11,6
1107,Huyện Chợ Mới,11,7
1108,Huyện Pác Nặm,11,8
1200,Tỉnh Thái Nguyên,12,0
1201,Thành phố Thái Nguyên,12,1
1202,Thị xã Sông Công,12,2
1203,Huyện Định Hóa,12,3
1204,Huyện Phú Lương,12,4
1205,Huyện Võ Nhai,12,5
1206,Huyện Đại Từ,12,6
1207,Huyện Đồng Hỷ,12,7
1208,Huyện Phú Bình,12,8
1209,Huyện Phổ Yên,12,9
1300,Tỉnh Yên Bái,13,0
1301,Thành phố Yên Bái,13,1
1302,Thị xã Nghĩa Lộ,13,2
1303,Huyện Văn Yên,13,3
1304,Huyện Yên Bình,13,4
1305,Huyện Mù Cang Chải,13,5
1306,Huyện Văn Chấn,13,6
1307,Huyện Trấn Yên,13,7
1308,Huyện Trạm Tấu,13,8
1309,Huyện Lục Yên,13,9
1400,Tỉnh Sơn La,14,0
1401,Thị xã Sơn La,14,1
1402,Huyện Quỳnh Nhai,14,2
1403,Huyện Mường La,14,3
1404,Huyện Thuận Châu,14,4
1405,Huyện Bắc Yên,14,5
1406,Huyện Phù Yên,14,6
1407,Huyện Mai Sơn,14,7
1408,Huyện Yên Châu,14,8
1409,Huyện Sông Mã,14,9
1410,Huyện Mộc Châu,14,10
1411,Huyện Sốp Cộp,14,11
1500,Tỉnh Phú Thọ,15,0
1501,Thành phố Việt Trì,15,1
1502,Thị xã Phú Thọ,15,2
1503,Huyện Đoan Hùng,15,3
1504,Huyện Thanh Ba,15,4
1505,Huyện Hạ Hòa,15,5
1506,Huyện Cẩm Khê,15,6
1507,Huyện Yên Lập,15,7
1508,Huyện Thanh Sơn,15,8
1509,Huyện Phù Ninh,15,9
1510,Huyện Lâm Thao,15,10
1511,Huyện Tam Nông,15,11
1512,Huyện Thanh Thủy,15,12
1513,Huyện Tân Sơn,15,13
1600,Tỉnh Vĩnh Phúc,16,0
1601,Thành phố Vĩnh Yên,16,1
1602,Huyện Tam Dương,16,2
1603,Huyện Lập Thạch,16,3
1604,Huyện Vĩnh Tường,16,4
1605,Huyện Yên Lạc,16,5
1606,Huyện Bình Xuyên,16,6
1608,Thị xã Phúc Yên,16,8
1609,Huyện Tam Đảo,16,9
1700,Tỉnh Quảng Ninh,17,0
1701,Thành phố Hạ Long,17,1
1702,Thị xã Cẩm Phả,17,2
1703,Thị xã Uông Bí,17,3
1704,Thành phố Móng Cái,17,4
1705,Huyện Bình Liêu,17,5
1706,Huyện Đầm Hà,17,6
1707,Huyện Hải Hà,17,7
1708,Huyện Tiên Yên,17,8
1709,Huyện Ba Chẽ,17,9
1710,Huyện Đông Triều,17,10
1711,Huyện Yên Hưng,17,11
1712,Huyện Hoành Bồ,17,12
1713,Huyện Vân Đồn,17,13
1714,Huyện Cô Tô,17,14
1800,Tỉnh Bắc Giang,18,0
1801,Thành phố Bắc Giang,18,1
1802,Huyện Yên Thế,18,2
1803,Huyện Lục Ngạn,18,3
1804,Huyện Sơn Động,18,4
1805,Huyện Lục Nam,18,5
1806,Huyện Tân Yên,18,6
1807,Huyện Hiệp Hoà,18,7
1808,Huyện Lạng Giang,18,8
1809,Huyện Việt Yên,18,9
1810,Huyện Yên Dũng,18,10
1900,Tỉnh Bắc Ninh,19,0
1901,Thành phố Bắc Ninh,19,1
1902,Huyện Yên Phong,19,2
1903,Huyện Quế Võ.,19,3
1904,Huyện Tiên Du,19,4
1905,Huyện Từ  Sơn,19,5
1906,Huyện Thuận Thành,19,6
1907,Huyện Gia Bình,19,7
1908,Huyện Lương Tài,19,8
2100,Tỉnh Hải Dương,21,0
2101,Thành phố Hải Dương,21,1
2102,Huyện Chí Linh,21,2
2103,Huyện Nam Sách,21,3
2104,Huyện Kinh Môn,21,4
2105,Huyện Gia Lộc,21,5
2106,Huyện Tứ Kỳ,21,6
2107,Huyện Thanh Miện,21,7
2108,Huyện Ninh Giang,21,8
2109,Huyện Cẩm Giàng,21,9
2110,Huyện Thanh Hà,21,10
2111,Huyện Kim Thành,21,11
2112,Huyện Bình Giang,21,12
2200,Tỉnh Hưng Yên,22,0
2201,Thị xã Hưng Yên,22,1
2202,Huyện Kim Động,22,2
2203,Huyện Ân Thi,22,3
2204,Huyện Khoái Châu,22,4
2205,Huyện Yên Mỹ,22,5
2206,Huyện Tiên Lữ,22,6
2207,Huyện Phù Cừ,22,7
2208,Huyện Mỹ Hào,22,8
2209,Huyện Văn Lâm,22,9
2210,Huyện Văn Giang,22,10
2300,Tỉnh Hòa Bình,23,0
2301,Thành phố Hòa Bình,23,1
2302,Huyện Đà Bắc,23,2
2303,Huyện Mai Châu,23,3
2304,Huyện Tân Lạc,23,4
2305,Huyện Lạc Sơn,23,5
2306,Huyện Kỳ Sơn,23,6
2307,Huyện Lư­ơng Sơn,23,7
2308,Huyện Kim Bôi,23,8
2309,Huyện Lạc Thủy,23,9
2310,Huyện Yên Thủy,23,10
2311,Huyện Cao Phong,23,11
2400,Tỉnh Hà Nam,24,0
2401,Thành phố Phủ Lý,24,1
2402,Huyện Duy Tiên,24,2
2403,Huyện Kim Bảng,24,3
2404,Huyện Lý Nhân,24,4
2405,Huỵện Thanh Liêm,24,5
2406,Huyện Bình Lục,24,6
2500,Tỉnh Nam Định,25,0
2501,Thành phố Nam Định,25,1
2502,Huyện Mỹ Lộc,25,2
2503,Huyện Xuân Trường,25,3
2504,Huyện Giao Thủy,25,4
2505,Huyện Ý Yên,25,5
2506,Huyện Vụ Bản,25,6
2507,Huyện Nam Trực,25,7
2508,Huyện Trực Ninh,25,8
2509,Huyện Nghĩa Hưng,25,9
2510,Huyện Hải Hậu,25,10
2600,Tỉnh Thái Bình,26,0
2601,Thành phố Thái Bình,26,1
2602,Huyện Quỳnh Phụ,26,2
2603,Huyện Hưng Hà,26,3
2604,Huyện Đông Hưng,26,4
2605,Huyện Vũ Thư,26,5
2606,Huyện Kiến Xương,26,6
2607,Huyện Tiền Hải,26,7
2608,Huyện Thái Thuỵ,26,8
2700,Tỉnh Ninh Bình,27,0
2701,Thành phố Ninh Bình,27,1
2702,Thị xã Tam Điệp,27,2
2703,Huyện Nho Quan,27,3
2704,Huyện Gia Viễn,27,4
2705,Huyện Hoa Lư,27,5
2706,Huyện Yên Mô,27,6
2707,Huyện Kim Sơn,27,7
2708,Huyện Yên Khánh,27,8
2800,Tỉnh Thanh Hóa,28,0
2801,Thành phố Thanh Hóa,28,1
2802,Thị xã Bỉm Sơn,28,2
2803,Thị xã Sầm Sơn,28,3
2804,Huyện Quan Hóa,28,4
2805,Huyện Quan Sơn,28,5
2806,Huyện Mường Lát,28,6
2807,Huyện Bá Thước,28,7
2808,Huyện Thường Xuân,28,8
2809,Huyện Như Xuân,28,9
2810,Huyện Như Thanh,28,10
2811,Huyện Lang Chánh,28,11
2812,Huyện Ngọc Lặc,28,12
2813,Huyện Thạch Thành,28,13
2814,Huyện Cẩm Thủy,28,14
2815,Huyện Thọ Xuân,28,15
2816,Huyện Vĩnh Lộc,28,16
2817,Huyện Thiệu Hóa,28,17
2818,Huyện Triệu Sơn,28,18
2819,Huyện Nông Cống,28,19
2820,Huyện Đông Sơn,28,20
2821,Huyện Hà Trung,28,21
2822,Huyện Hoằng Hóa,28,22
2823,Huyện Nga Sơn,28,23
2824,Huyện Hậu Lộc,28,24
2825,Huyện Quảng Xương,28,25
2826,Huyện Tĩnh Gia,28,26
2827,Huyện Yên Định,28,27
2900,Tỉnh Nghệ An,29,0
2901,Thành phố Vinh,29,1
2902,Thị xã Cửa Lò,29,2
2903,Huyện Quỳ Châu,29,3
2904,Huyện Quỳ Hợp,29,4
2905,Huyện Nghĩa Đàn,29,5
2906,Huyện Quỳnh Lưu,29,6
2907,Huyện Kỳ Sơn,29,7
2908,Huyện Tương Dương,29,8
2909,Huyện Con Cuông,29,9
2910,Huyện Tân Kỳ,29,10
2911,Huyện Yên Thành,29,11
2912,Huyện Diễn Châu,29,12
2913,Huyện Anh Sơn,29,13
2914,Huyện Đô Lương,29,14
2915,Huyện Thanh Chương,29,15
2916,Huyện Nghi Lộc,29,16
2917,Huyện Nam Đàn,29,17
2918,Huyện Hưng Nguyên,29,18
2919,Huyện Quế Phong,29,19
3000,Tỉnh Hà Tĩnh,30,0
3001,Thành phố Hà Tĩnh,30,1
3002,Thị xã Hồng Lĩnh,30,2
3003,Huyện Hương Sơn,30,3
3004,Huyện Đức Thọ,30,4
3005,Huyện Nghi Xuân,30,5
3006,Huyện Can Lộc,30,6
3007,Huyện Hương Khê,30,7
3008,Huyện Thạch Hà,30,8
3009,Huyện Cẩm Xuyên,30,9
3010,Huyện Kỳ Anh,30,10
3011,Huyện Vũ Quang,30,11
3012,Huyện Lộc Hà,30,12
3100,Tỉnh Quảng Bình,31,0
3101,Thành phố Đồng Hới,31,1
3102,Huyện Tuyên Hóa,31,2
3103,Huyện Minh Hóa,31,3
3104,Huyện Quảng Trạch,31,4
3105,Huyện Bố Trạch,31,5
3106,Huyện Quảng Ninh,31,6
3107,Huyện Lệ Thủy,31,7
3200,Tỉnh Quảng Trị,32,0
3201,Thị xã Đông Hà,32,1
3202,Thị xã Quảng Trị,32,2
3203,Huyện Vĩnh Linh,32,3
3204,Huyện Gio Linh,32,4
3205,Huyện Cam Lộ,32,5
3206,Huyện Triệu Phong,32,6
3207,Huyện Hải Lăng,32,7
3208,Huyện Hướng Hóa,32,8
3209,Huyện Đăk Rông,32,9
3210,Huyện đảo Cồn Cỏ,32,10
3300,Tỉnh Thừa Thiên - Huế,33,0
3301,Thành phố Huế,33,1
3302,Huyện Phong Điền,33,2
3303,Huyện Quảng Điền,33,3
3304,Huyện Hương Trà,33,4
3305,Huyện Phú Vang,33,5
3306,Huyện Hương Thuỷ,33,6
3307,Huyện Phú Lộc,33,7
3308,Huyện Nam Đông,33,8
3309,Huyện A Lưới,33,9
3400,Tỉnh Quảng Nam,34,0
3401,Thành phố Tam Kỳ,34,1
3402,Thành phố Hội An,34,2
3403,Huyện Duy Xuyên,34,3
3404,Huyện Điện Bàn,34,4
3405,Huyện Đại Lộc,34,5
3406,Huyện Quế Sơn,34,6
3407,Huyện Hiệp Đức,34,7
3408,Huyện Thăng Bình,34,8
3409,Huyện Núi Thành,34,9
3410,Huyện Tiên Phước,34,10
3411,Huyện Bắc Trà My,34,11
3412,Huyện Đông Giang,34,12
3413,Huyện Nam Giang,34,13
3414,Huyện Phước Sơn,34,14
3415,Huyện Nam Trà My,34,15
3416,Huyện Tây Giang,34,16
3417,Huyện Phú Ninh,34,17
3418,Huyện Nông Sơn,34,18
3500,Tỉnh Quảng Ngãi,35,0
3501,Thành phố Quảng Ngãi,35,1
3502,Huyện Lý Sơn,35,2
3503,Huyện Bình Sơn,35,3
3504,Huyện Trà Bồng,35,4
3505,Huyện Sơn Tịnh,35,5
3506,Huyện Sơn Hà,35,6
3507,Huyện Tư Nghĩa,35,7
3508,Huyện Nghĩa Hành,35,8
3509,Huyện Minh Long,35,9
3510,Huyện Mộ Đức,35,10
3511,Huyện Đức Phổ,35,11
3512,Huyện Ba Tơ,35,12
3513,Huyện Sơn Tây,35,13
3514,Huyện Tây Trà,35,14
3600,Tỉnh Kon Tum,36,0
3601,Thị xã Kon Tum,36,1
3602,Huyện Đắk Glei,36,2
3603,Huyện Ngọc Hồi,36,3
3604,Huyện Đắk Tô,36,4
3605,Huyện Sa Thầy,36,5
3606,Huyện Kon Plong,36,6
3607,Huyện Đắk Hà,36,7
3608,Huyện Kon Rẫy,36,8
3609,Huyện Tu Mơ Rông,36,9
3700,Tỉnh Bình Định,37,0
3701,Thành phố Quy Nhơn,37,1
3702,Huyện An Lão,37,2
3703,Huyện Hoài Ân,37,3
3704,Huyện Hoài Nhơn,37,4
3705,Huyện Phù Mỹ,37,5
3706,Huyện Phù Cát,37,6
3707,Huyện Vĩnh Thạnh,37,7
3708,Huyện Tây Sơn,37,8
3709,Huyện Vân Canh,37,9
3710,Huyện An Nhơn,37,10
3711,Huyện Tuy Phước,37,11
3800,Tỉnh Gia Lai,38,0
3801,Thành phố Pleiku,38,1
3802,Huyện Chư Păh,38,2
3803,Huyện Mang Yang,38,3
3804,Huyện Kbang,38,4
3805,Thị xã An Khê,38,5
3806,Huyện Kông Chro,38,6
3807,Huyện Đức Cơ,38,7
3808,Huyện Chưprông,38,8
3809,Huyện Chư Sê,38,9
3810,Huyện Ayunpa,38,10
3811,Huyện Krông Pa,38,11
3812,Huyện Ia Grai,38,12
3813,Huyện Đăk Đoa,38,13
3814,Huyện Ia Pa,38,14
3815,Huyện Đăk Pơ,38,15
3816,Huyện Phú Thiện,38,16
3900,Tỉnh Phú Yên,39,0
3901,Thành phố Tuy Hòa,39,1
3902,Huyện Đồng Xuân,39,2
3903,Huyện Sông Cầu,39,3
3904,Huyện Tuy An,39,4
3905,Huyện Sơn Hòa,39,5
3906,Huyện Sông Hinh,39,6
3907,Huyện Đông Hòa,39,7
3908,Huyện Phú Hoà,39,8
3909,Huyện Tây Hòa,39,9
4000,Tỉnh Đăk Lăk,40,0
4001,Thành phố Buôn Ma Thuột,40,1
4002,Huyện Ea H Leo,40,2
4003,Huyện Krông Buk,40,3
4004,Huyện Krông Năng,40,4
4005,Huyện Ea Súp,40,5
4006,Huyện Cư M gar,40,6
4007,Huyện Krông Pắc,40,7
4008,Huyện Ea Kar,40,8
4009,Huyện M'Đrăk,40,9
4010,Huyện Krông Ana,40,10
4011,Huyện Krông Bông,40,11
4012,Huyện Lăk,40,12
4013,Huyện Buôn Đôn,40,13
4014,Huyện Cư Kuin,40,14
4100,Tỉnh Khánh Hòa,41,0
4101,Thành phố Nha Trang,41,1
4102,Huyện Vạn Ninh,41,2
4103,Huyện Ninh Hòa,41,3
4104,Huyện Diên Khánh,41,4
4105,Huyện Khánh Vĩnh,41,5
4106,Thị xã Cam Ranh,41,6
4107,Huyện Khánh Sơn,41,7
4108,Huyện Trường Sa,41,8
4109,Huyện Cam Lâm,41,9
4200,Tỉnh Lâm Đồng,42,0
4201,Thành phố Đà Lạt,42,1
4202,Thị xã Bảo Lộc,42,2
4203,Huyện Đức Trọng,42,3
4204,Huyện Di Linh,42,4
4205,Huyện Đơn Dương,42,5
4206,Huyện Lạc Dương,42,6
4207,Huyện Đạ Huoai,42,7
4208,Huyện Đạ Tẻh,42,8
4209,Huyện Cát Tiên,42,9
4210,Huyện Lâm Hà,42,10
4211,Huyện Bảo Lâm,42,11
4212,Huyện Đam Rông,42,12
4300,Tỉnh Bình Phước,43,0
4301,Thị xã Đồng Xoài,43,1
4302,Huyện Đồng Phú,43,2
4303,Huyện Chơn Thành,43,3
4304,Huyện Bình Long,43,4
4305,Huyện Lộc Ninh,43,5
4306,Huyện Bù Đốp,43,6
4307,Huyện Phước Long,43,7
4308,Huyện Bù Đăng,43,8
4400,Tỉnh Bình Dương,44,0
4401,Thị xã Thủ Dầu Một,44,1
4402,Huyện Bến Cát,44,2
4403,Huyện Tân Uyên,44,3
4404,Huyện Thuận An,44,4
4405,Huyện Dĩ An,44,5
4406,Huyện Phú Giáo,44,6
4407,Huyện Dầu Tiếng,44,7
4500,Tỉnh Ninh Thuận,45,0
4501,Thành phố Phan Rang - Tháp Chàm,45,1
4502,Huyện Ninh Sơn,45,2
4503,Huyện Ninh Hải,45,3
4504,Huyện Ninh Phước,45,4
4505,Huyện Bác Ái,45,5
4506,Huyện Thuận Bắc,45,6
4600,Tỉnh Tây Ninh,46,0
4601,Thị xã Tây Ninh,46,1
4602,Huyện Tân Biên,46,2
4603,Huyện Tân Châu,46,3
4604,Huyện Dương Minh Châu,46,4
4605,Huyện Châu Thành,46,5
4606,Huyện Hoà Thành,46,6
4607,Huyện Bến Cầu,46,7
4608,Huyện Gò Dầu,46,8
4609,Huyện Trảng Bàng,46,9
4700,Tỉnh Bình Thuận,47,0
4701,Thành phố Phan Thiết,47,1
4702,Huyện Tuy Phong,47,2
4703,Huyện Bắc Bình,47,3
4704,Huyện Hàm Thuận Bắc,47,4
4705,Huyện Hàm Thuận Nam,47,5
4706,Huyện Hàm Tân,47,6
4707,Huyện Đức Linh,47,7
4708,Huyện Tánh Linh,47,8
4709,Huyện đảo Phú Quý,47,9
4710,Thị xã LaGi,47,10
4800,Tỉnh Đồng Nai,48,0
4801,Thành phố Biên Hòa,48,1
4802,Huyện Vĩnh Cửu,48,2
4803,Huyện Tân Phú,48,3
4804,Huyện Định Quán,48,4
4805,Huyện Thống Nhất,48,5
4806,Thị xã Long Khánh,48,6
4807,Huyện Xuân Lộc,48,7
4808,Huyện Long Thành,48,8
4809,Huyện Nhơn Trạch,48,9
4810,Huyện Trảng Bom,48,10
4811,Huyện Cẩm Mỹ,48,11
4900,Tỉnh Long An,49,0
4901,Thị xã Tân An,49,1
4902,Huyện Vĩnh Hưng,49,2
4903,Huyện Mộc Hoá,49,3
4904,Huyện Tân Thạnh,49,4
4905,Huyện Thạnh Hoá,49,5
4906,Huyện Đức Huệ,49,6
4907,Huyện Đức Hoà,49,7
4908,Huyện Bến Lức,49,8
4909,Huyện Thủ Thừa,49,9
4910,Huyện Châu Thành,49,10
4911,Huyện Tân Trụ,49,11
4912,Huyện Cần Đước,49,12
4913,Huyện Cần Giuộc,49,13
4914,Huyện Tân Hưng,49,14
5000,Tỉnh Đồng Tháp,50,0
5001,Thành phố Cao Lãnh,50,1
5002,Thị xã Sa Đéc,50,2
5003,Huyện Tân Hồng,50,3
5004,Huyện Hồng Ngự,50,4
5005,Huyện Tam Nông,50,5
5006,Huyện Thanh Bình,50,6
5007,Huyện Cao Lãnh,50,7
5008,Huyện Lấp Vò,50,8
5009,Huyện Tháp Mười,50,9
5010,Huyện Lai Vung,50,10
5011,Huyện Châu Thành,50,11
5100,Tỉnh An Giang,51,0
5101,Thành phố Long Xuyên,51,1
5102,Thị xã Châu Đốc,51,2
5103,Huyện An Phú,51,3
5104,Huyện Tân Châu,51,4
5105,Huyện Phú Tân,51,5
5106,Huyện Tịnh Biên,51,6
5107,Huyện Tri Tôn,51,7
5108,Huyện Châu Phú,51,8
5109,Huyện Chợ Mới,51,9
5110,Huyện Châu Thành,51,10
5111,Huyện Thoại Sơn,51,11
5200,Tỉnh Bà Rịa - Vũng Tàu,52,0
5201,Thành phố Vũng Tàu,52,1
5202,Thị xã Bà Rịa,52,2
5203,Huyện Xuyên Mộc,52,3
5204,Huyện Long Điền,52,4
5205,Huyện Côn Đảo,52,5
5206,Huyện Tân Thành,52,6
5207,Huyện Châu Đức,52,7
5208,Huyện Đất Đỏ,52,8
5300,Tỉnh Tiền Giang,53,0
5301,Thành phố Mỹ Tho,53,1
5302,Thị xã Gò Công,53,2
5303,Huyện Cái Bè,53,3
5304,Huyện Cai Lậy,53,4
5305,Huyện Châu Thành,53,5
5306,Huyện Chợ Gạo,53,6
5307,Huyện Gò Công Tây,53,7
5308,Huyện Gò Công Đông,53,8
5309,Huyện Tân Phước,53,9
5310,Huyện Tân Phú Đông,53,10
5400,Tỉnh Kiên Giang,54,0
5401,Thành phố Rạch Giá,54,1
5402,Thị xã Hà Tiên,54,2
5403,Huyện Kiên Lương,54,3
5404,Huyện Hòn Đất,54,4
5405,Huyện Tân Hiệp,54,5
5406,Huyện Châu Thành,54,6
5407,Huyện Giồng Riềng,54,7
5408,Huyện Gò Quao,54,8
5409,Huyện An Biên,54,9
5410,Huyện An Minh,54,10
5411,Huyện Vĩnh Thuận,54,11
5412,Huyện Phú Quốc,54,12
5413,Huyện Kiên Hải,54,13
5414,Huyện U Minh Thượng,54,14
5500,Thành phố Cần Thơ,55,0
5501,Quận Ninh Kiều,55,1
5502,Quận Bình Thủy,55,2
5503,Quận Cái Răng,55,3
5504,Quận Ô Môn,55,4
5505,Huyện Phong Điền,55,5
5506,Huyện Cờ Đỏ,55,6
5507,Huyện Vĩnh Thạnh,55,7
5508,Huỵện Thốt Nốt,55,8
5600,Tỉnh Bến Tre,56,0
5601,Thị xã Bến Tre,56,1
5602,Huyện Châu Thành,56,2
5603,Huyện Chợ Lách,56,3
5604,Huyện Mỏ Cày,56,4
5605,Huyện Giồng Trôm,56,5
5606,Huyện Bình Đại,56,6
5607,Huyện Ba Tri,56,7
5608,Huyện Thạnh Phú,56,8
5700,Tỉnh Vĩnh Long,57,0
5701,Thị xã Vĩnh Long,57,1
5702,Huyện Long Hồ,57,2
5703,Huyện Mang Thít,57,3
5704,Huyện Bình Minh,57,4
5705,Huyện Tam Bình,57,5
5706,Huyện Trà Ôn,57,6
5707,Huyện Vũng Liêm,57,7
5708,Huyện Bình Tân,57,8
5800,Tỉnh Trà Vinh,58,0
5801,Thị xã Trà Vinh,58,1
5802,Huyện Càng Long,58,2
5803,Huyện Cầu Kè,58,3
5804,Huyện Tiểu Cần,58,4
5805,Huyện Châu Thành,58,5
5806,Huyện Trà Cú,58,6
5807,Huyện Cầu Ngang,58,7
5808,Huyện Duyên Hải,58,8
5900,Tỉnh Sóc Trăng,59,0
5901,Thành phố Sóc Trăng,59,1
5902,Huyện Kế Sách,59,2
5903,Huyện Mỹ Tú,59,3
5904,Huyện Mỹ Xuyên,59,4
5905,Huyện Thạnh Trị,59,5
5906,Huyện Long Phú,59,6
5907,Huyện Vĩnh Châu,59,7
5908,Huyện Cù Lao Dung,59,8
5909,Huyện Ngã Năm,59,9
5910,Huyện Châu Thành,59,10
6000,Tỉnh Bạc Liêu,60,0
6001,Thị xã Bạc Liêu,60,1
6002,Huyện Vĩnh Lợi,60,2
6003,Huyện Hồng Dân,60,3
6004,Huyện Giá Rai,60,4
6005,Huyện Phước Long,60,5
6006,Huyện Đông Hải,60,6
6007,Huyện Hoà Bình,60,7
6100,Tỉnh Cà Mau,61,0
6101,Thành phố Cà Mau,61,1
6102,Huyện Thới Bình,61,2
6103,Huyện U Minh,61,3
6104,Huyện Trần Văn Thời,61,4
6105,Huyện Cái Nước,61,5
6106,Huyện Đầm Dơi,61,6
6107,Huyện Ngọc Hiển,61,7
6108,Huyện Năm Căn,61,8
6109,Huyện Phú Tân,61,9
6200,Tỉnh Điện Biên,62,0
6201,Thành phố Điện Biên Phủ,62,1
6202,Thị xã Mường Lay,62,2
6203,Huyện Điện Biên,62,3
6204,Huyện Tuần Giáo,62,4
6205,Huyện Mường Chà,62,5
6206,Huyện Tủa Chùa,62,6
6207,Huyện Điện Biên Đông,62,7
6208,Huyện Mường Nhé,62,8
6209,Huyện Mường Ảng,62,9
6300,Tỉnh Đăk Nông,63,0
6301,Thị xã Gia Nghĩa,63,1
6302,Huyện Đắk RLấp,63,2
6303,Huyện Đắk Mil,63,3
6304,Huyện Cư Jút,63,4
6305,Huyện Đắk Song,63,5
6306,Huyện Krông Nô,63,6
6307,Huyện Đắk GLong,63,7
6308,Huyện Tuy Đức,63,8
6400,Tỉnh Hậu Giang,64,0
6401,Thị xã Vị Thanh,64,1
6402,Huyện Vị Thủy,64,2
6403,Huyện Long Mỹ,64,3
6404,Huyện Phụng Hiệp,64,4
6405,Huyện Châu Thành,64,5
6406,Huyện Châu Thành A,64,6
6407,Thị xã Ngã Bảy,64,7